week,pen_id,cow_id,conflict_risk,isolation_risk,betweenness_norm,degree_change_norm,community_disruption_norm,frequency_deviation_norm,degree_deficit_norm,centrality_decline_norm,closeness_deficit_norm
0,2,0,0.37992119247735595,0.5532256464378161,0.3161701586259184,0.23465206481089998,0.5,0.8817309696167174,0.5718212549765402,0.35926137413366516,0.5652507475670999
0,2,1,0.4376046679848964,0.3693143908643869,0.5,0.23465206481089998,0.5,0.5394165178217138,0.33737816282991745,0.35926137413366516,0.31270571980279593
0,1,2,0.4385401786291474,0.16526123773564091,0.5,0.11139044581172168,0.5,0.8569256717621697,0.06297335605699649,0.004496273160941178,0.06666415201542175
0,2,3,0.4573696472963187,0.3989618598315203,0.5,0.23465206481089998,0.5,0.7370663109359364,0.33737816282991745,0.35926137413366516,0.31270571980279593
0,-1,4,0.5,0.0788218321868,0.5,0.5,0.5,0.5,0.004496273160941178,0.004496273160941178,0.004496273160941178
0,2,5,0.3438426200860818,0.4342852315415408,0.3161701586259184,0.23465206481089998,0.5,0.5209452457039757,0.4519346002322465,0.35926137413366516,0.45093961182279324
0,2,6,0.41922336317627346,0.3417424336514525,0.5,0.23465206481089998,0.5,0.3556034697354845,0.33737816282991745,0.35926137413366516,0.31270571980279593
0,1,7,0.41299750652522726,0.12694722957976076,0.5,0.11139044581172168,0.5,0.6014989507229687,0.06297335605699649,0.004496273160941178,0.06666415201542175
0,3,8,0.46366822755522463,0.5349314477483601,0.5,0.26152238289193797,0.5,0.7328763183224012,0.5,0.5,0.5
0,3,9,0.44844561168212216,0.5120975239387064,0.5,0.26152238289193797,0.5,0.5806501595913768,0.5,0.5,0.5
0,3,10,0.44924540139125496,0.5132972085024056,0.5,0.26152238289193797,0.5,0.5886480566827045,0.5,0.5,0.5
0,2,11,0.4551023241951748,0.39556087517980454,0.5,0.23465206481089998,0.5,0.7143930799244979,0.33737816282991745,0.35926137413366516,0.31270571980279593
0,1,12,0.3955233927444171,0.1007360589085455,0.5,0.11139044581172168,0.5,0.426757812914867,0.06297335605699649,0.004496273160941178,0.06666415201542175
0,1,13,0.3781714711363525,0.07470817649644866,0.5,0.11139044581172168,0.5,0.2532385968342213,0.06297335605699649,0.004496273160941178,0.06666415201542175
0,1,14,0.42051685025570057,0.13822624517547072,0.5,0.11139044581172168,0.5,0.6766923880277016,0.06297335605699649,0.004496273160941178,0.06666415201542175
0,2,15,0.46838776768789414,0.41548904041888346,0.5,0.23465206481089998,0.5,0.8472475148516909,0.33737816282991745,0.35926137413366516,0.31270571980279593
0,1,16,0.38463953314682364,0.08441026951215527,0.5,0.11139044581172168,0.5,0.31791921693893205,0.06297335605699649,0.004496273160941178,0.06666415201542175
0,-1,17,0.5,0.0788218321868,0.5,0.5,0.5,0.5,0.004496273160941178,0.004496273160941178,0.004496273160941178
0,2,18,0.3269981777871143,0.4090185680930896,0.3161701586259184,0.23465206481089998,0.5,0.3525008227143013,0.4519346002322465,0.35926137413366516,0.45093961182279324
0,1,19,0.3739300941089375,0.06834611095532608,0.5,0.11139044581172168,0.5,0.2108248265600708,0.06297335605699649,0.004496273160941178,0.06666415201542175
1,2,0,0.418673071834616,0.8621973297668435,0.3161701586259184,0.3879150118873059,0.5,0.8860923954983028,0.9370266439430035,0.6838298413740818,0.9808759632491112
1,2,1,0.5559865872261726,0.5304606345203257,0.6407386258663351,0.5083046115504172,0.5,0.33541121405400764,0.5,0.6838298413740818,0.5
1,1,2,0.7468910516469244,0.5306676393798377,0.8581489350995123,0.40184727389873287,0.9196120186838647,0.7941296281990528,0.5,0.5,0.4327409757498996
1,2,3,0.7510488625793983,0.36340191319112986,0.9811751176427628,0.5418452150320674,0.5,0.5,0.33737816282991745,0.35926137413366516,0.31270571980279593
1,-1,4,0.6238759317097647,0.49999999999999994,0.5,0.9955037268390589,0.5,0.5,0.5,0.5,0.5
1,2,5,0.5615751784905287,0.48973130203842713,0.6407386258663351,0.5306589766078418,0.5,0.33541121405400764,0.5,0.5480653997677535,0.5
1,2,6,0.4019223679880292,0.63947275431783,0.3161701586259184,0.4753491547002801,0.5,0.5,0.6626218371700825,0.6838298413740818,0.6370307944803832
1,1,7,0.46488108810895024,0.5996621930023017,0.5,0.35952435243580083,0.5,0.5,0.6626218371700825,0.5,0.7137227499638644
1,3,8,0.5051289061543052,0.9578800487890256,0.5,0.4226439420150187,0.5,0.7446792065055049,0.9955037268390589,0.9955037268390589,0.9955037268390589
1,3,9,0.5112739985371076,0.48790247606129344,0.5,0.5773560579849812,0.5,0.4193498404086232,0.5,0.5,0.5
1,3,10,0.5112739985371076,0.48790247606129344,0.5,0.5773560579849812,0.5,0.4193498404086232,0.5,0.5,0.5
1,2,11,0.7510488625793983,0.36340191319112986,0.9811751176427628,0.5418452150320674,0.5,0.5,0.33737816282991745,0.35926137413366516,0.31270571980279593
1,1,12,0.46488108810895024,0.5808078142574267,0.5,0.35952435243580083,0.5,0.5,0.6626218371700825,0.5,0.6194508562394895
1,1,13,0.46488108810895024,0.5808078142574267,0.5,0.35952435243580083,0.5,0.5,0.6626218371700825,0.5,0.6194508562394895
1,1,14,0.6519395953941148,0.5441194442298578,0.7941296281990528,0.40184727389873287,0.5,0.7941296281990528,0.5,0.5,0.5
1,2,15,0.418673071834616,0.8621973297668435,0.3161701586259184,0.3879150118873059,0.5,0.8860923954983028,0.9370266439430035,0.6838298413740818,0.9808759632491112
1,1,16,0.7148813981966946,0.5441194442298578,0.7941296281990528,0.40184727389873287,0.9196120186838647,0.7941296281990528,0.5,0.5,0.5
1,-1,17,0.6238759317097647,0.49999999999999994,0.5,0.9955037268390589,0.5,0.5,0.5,0.5,0.5
1,2,18,0.4060089264253549,0.63947275431783,0.3161701586259184,0.4916953884495828,0.5,0.5,0.6626218371700825,0.6838298413740818,0.6370307944803832
1,1,19,0.46488108810895024,0.5996621930023017,0.5,0.35952435243580083,0.5,0.5,0.6626218371700825,0.5,0.7137227499638644
2,2,0,0.3803573350655145,0.8621973297668435,0.3161701586259184,0.23465206481089998,0.5,0.8860923954983028,0.9370266439430035,0.6838298413740818,0.9808759632491112
2,2,1,0.5643717380965851,0.5304606345203257,0.6407386258663351,0.5418452150320674,0.5,0.33541121405400764,0.5,0.6838298413740818,0.5
2,1,2,0.7959674146975579,0.5306676393798377,0.8581489350995123,0.5981527261012671,0.9196120186838647,0.7941296281990528,0.5,0.5,0.4327409757498996
2,2,3,0.7510488625793983,0.36340191319112986,0.9811751176427628,0.5418452150320674,0.5,0.5,0.33737816282991745,0.35926137413366516,0.31270571980279593
2,-1,4,0.5,0.49999999999999994,0.5,0.5,0.5,0.5,0.5,0.5,0.5
2,2,5,0.5643717380965851,0.46089206217777506,0.6407386258663351,0.5418452150320674,0.5,0.33541121405400764,0.5,0.4519346002322465,0.5
2,2,6,0.418546383070976,0.63947275431783,0.3161701586259184,0.5418452150320674,0.5,0.5,0.6626218371700825,0.6838298413740818,0.6370307944803832
2,1,7,0.5245381815253168,0.5996621930023017,0.5,0.5981527261012671,0.5,0.5,0.6626218371700825,0.5,0.7137227499638644
2,3,8,0.46484851637353497,0.9578800487890256,0.5,0.26152238289193797,0.5,0.7446792065055049,0.9955037268390589,0.9955037268390589,0.9955037268390589
2,3,9,0.5112739985371076,0.48790247606129344,0.5,0.5773560579849812,0.5,0.4193498404086232,0.5,0.5,0.5
2,3,10,0.5112739985371076,0.48790247606129344,0.5,0.5773560579849812,0.5,0.4193498404086232,0.5,0.5,0.5
2,2,11,0.7510488625793983,0.36340191319112986,0.9811751176427628,0.5418452150320674,0.5,0.5,0.33737816282991745,0.35926137413366516,0.31270571980279593
2,1,12,0.5245381815253168,0.5808078142574267,0.5,0.5981527261012671,0.5,0.5,0.6626218371700825,0.5,0.6194508562394895
2,1,13,0.5245381815253168,0.5808078142574267,0.5,0.5981527261012671,0.5,0.5,0.6626218371700825,0.5,0.6194508562394895
2,1,14,0.7010159584447484,0.5441194442298578,0.7941296281990528,0.5981527261012671,0.5,0.7941296281990528,0.5,0.5,0.5
2,2,15,0.3803573350655145,0.8621973297668435,0.3161701586259184,0.23465206481089998,0.5,0.8860923954983028,0.9370266439430035,0.6838298413740818,0.9808759632491112
2,1,16,0.7639577612473282,0.5441194442298578,0.7941296281990528,0.5981527261012671,0.9196120186838647,0.7941296281990528,0.5,0.5,0.5
2,-1,17,0.5,0.49999999999999994,0.5,0.5,0.5,0.5,0.5,0.5,0.5
2,2,18,0.418546383070976,0.63947275431783,0.3161701586259184,0.5418452150320674,0.5,0.5,0.6626218371700825,0.6838298413740818,0.6370307944803832
2,1,19,0.5245381815253168,0.5996621930023017,0.5,0.5981527261012671,0.5,0.5,0.6626218371700825,0.5,0.7137227499638644
3,2,0,0.3803573350655145,0.8621973297668435,0.3161701586259184,0.23465206481089998,0.5,0.8860923954983028,0.9370266439430035,0.6838298413740818,0.9808759632491112
3,2,1,0.5643717380965851,0.4925917681156135,0.6407386258663351,0.5418452150320674,0.5,0.33541121405400764,0.5,0.5576002866917078,0.5
3,1,2,0.7959674146975579,0.5306676393798377,0.8581489350995123,0.5981527261012671,0.9196120186838647,0.7941296281990528,0.5,0.5,0.4327409757498996
3,2,3,0.7510488625793983,0.36340191319112986,0.9811751176427628,0.5418452150320674,0.5,0.5,0.33737816282991745,0.35926137413366516,0.31270571980279593
3,-1,4,0.5,0.49999999999999994,0.5,0.5,0.5,0.5,0.5,0.5,0.5
3,2,5,0.5643717380965851,0.4495343146538701,0.6407386258663351,0.5418452150320674,0.5,0.33541121405400764,0.5,0.41407544181922984,0.5
3,2,6,0.418546383070976,0.63947275431783,0.3161701586259184,0.5418452150320674,0.5,0.5,0.6626218371700825,0.6838298413740818,0.6370307944803832
3,1,7,0.5245381815253168,0.5996621930023017,0.5,0.5981527261012671,0.5,0.5,0.6626218371700825,0.5,0.7137227499638644
3,3,8,0.46484851637353497,0.9578800487890256,0.5,0.26152238289193797,0.5,0.7446792065055049,0.9955037268390589,0.9955037268390589,0.9955037268390589
3,3,9,0.5112739985371076,0.48790247606129344,0.5,0.5773560579849812,0.5,0.4193498404086232,0.5,0.5,0.5
3,3,10,0.5112739985371076,0.48790247606129344,0.5,0.5773560579849812,0.5,0.4193498404086232,0.5,0.5,0.5
3,2,11,0.7510488625793983,0.36340191319112986,0.9811751176427628,0.5418452150320674,0.5,0.5,0.33737816282991745,0.35926137413366516,0.31270571980279593
3,1,12,0.5245381815253168,0.5808078142574267,0.5,0.5981527261012671,0.5,0.5,0.6626218371700825,0.5,0.6194508562394895
3,1,13,0.5245381815253168,0.5808078142574267,0.5,0.5981527261012671,0.5,0.5,0.6626218371700825,0.5,0.6194508562394895
3,1,14,0.7010159584447484,0.5441194442298578,0.7941296281990528,0.5981527261012671,0.5,0.7941296281990528,0.5,0.5,0.5
3,2,15,0.3803573350655145,0.8621973297668435,0.3161701586259184,0.23465206481089998,0.5,0.8860923954983028,0.9370266439430035,0.6838298413740818,0.9808759632491112
3,1,16,0.7639577612473282,0.5441194442298578,0.7941296281990528,0.5981527261012671,0.9196120186838647,0.7941296281990528,0.5,0.5,0.5
3,-1,17,0.5,0.49999999999999994,0.5,0.5,0.5,0.5,0.5,0.5,0.5
3,2,18,0.418546383070976,0.6184313270838165,0.3161701586259184,0.5418452150320674,0.5,0.5,0.6626218371700825,0.613691750594037,0.6370307944803832
3,1,19,0.5245381815253168,0.5996621930023017,0.5,0.5981527261012671,0.5,0.5,0.6626218371700825,0.5,0.7137227499638644
