timestamp,coord_x_cm,coord_y_cm,coord_z_cm
1691125211.0,-216.2,-16.4,104.7
1691125226.0,-223.3,-20.1,104.2
1691125241.0,-210.1,-18.5,99.3
1691125256.0,-211.8,-19.7,104.4
1691125271.0,-203.5,-3.9,95.9
1691125286.0,-215.5,-16.4,96.4
1691125301.0,-218.8,-18.2,105.5
1691125316.0,-223.6,-11.5,90.7
1691125331.0,-225.2,-17.1,93.7
1691125346.0,-227.3,-25.0,80.4
1691125361.0,-221.5,-29.7,82.0
1691125376.0,-210.5,-21.1,81.3
1691125391.0,-187.7,-30.4,72.9
1691125406.0,-217.4,-16.0,85.5
1691125421.0,-217.5,-10.3,83.4
1691125436.0,-214.0,-4.0,88.3
1691125451.0,-211.0,-8.4,89.6
1691125466.0,-215.9,-2.0,88.2
1691125481.0,-199.9,-13.7,82.1
1691125496.0,-176.3,-22.1,68.9
1691125511.0,-214.4,-10.5,84.9
1691125526.0,-223.4,-6.1,77.9
1691125541.0,-185.4,-27.7,70.2
1691125556.0,-187.2,-16.5,73.7
1691125571.0,-189.0,-15.9,74.0
1691125586.0,-191.6,-13.6,75.9
1691125601.0,-191.9,-21.2,85.0
1691125616.0,-209.9,-15.3,84.4
1691125631.0,-219.5,-6.5,84.7
1691125646.0,-187.5,-20.2,74.9
1691125661.0,-206.7,-6.7,82.8
1691125676.0,-214.2,-9.7,82.9
1691125691.0,-203.7,-12.1,83.3
1691125706.0,-202.5,-12.9,81.8
1691125721.0,-161.3,-28.6,65.0
1691125736.0,-202.0,-13.3,78.9
1691125751.0,-198.7,-11.7,95.3
1691125766.0,-240.8,-21.9,88.5
1691125781.0,-204.7,-5.1,93.0
1691125796.0,-222.0,-6.7,81.8
1691125811.0,-231.8,-3.7,78.6
1691125826.0,-222.0,-4.3,83.7
1691125841.0,-220.3,-7.8,76.9
1691125856.0,-219.3,-7.9,80.6
1691125871.0,-216.1,-5.6,80.3
1691125886.0,-205.6,-8.7,75.7
1691125901.0,-224.4,-6.1,84.2
1691125916.0,-228.6,-12.0,85.6
1691125931.0,-236.6,-12.9,84.1
1691125946.0,-240.1,-14.4,88.1
1691125961.0,-230.4,-15.3,96.1
1691125976.0,-233.4,-15.5,95.8
1691125991.0,-226.2,-9.6,96.0
1691126006.0,-207.4,-12.0,83.6
1691126021.0,-181.0,-25.3,88.9
1691126036.0,-193.6,-7.0,90.3
1691126051.0,-212.7,-12.5,87.7
1691126066.0,-217.4,-8.9,92.3
1691126081.0,-204.6,-12.0,86.2
1691126096.0,-200.9,-12.4,89.0
1691126111.0,-209.9,-19.3,84.4
1691126126.0,-229.3,-18.5,99.3
1691126141.0,-234.1,-19.3,99.9
1691126156.0,-229.7,-21.5,100.4
1691126171.0,-240.6,-25.8,93.6
1691126186.0,-238.5,-26.7,101.5
1691126201.0,-243.7,-21.0,86.5
1691126217.0,-236.6,-24.1,91.7
1691126231.0,-246.9,-21.9,89.3
1691126246.0,-236.3,-74.3,31.1
1691126261.0,-231.8,-19.9,96.1
1691126276.0,-244.0,-14.0,99.5
1691126291.0,-230.4,-23.6,103.2
1691126306.0,-240.9,-22.0,92.7
1691126321.0,-202.5,-26.8,97.3
1691126336.0,-239.5,-7.5,86.2
1691126351.0,-220.7,-12.9,102.7
1691126366.0,-180.1,-21.6,101.2
1691126381.0,-210.7,-19.9,96.8
1691126396.0,-232.7,-12.0,94.7
1691126411.0,-230.8,-11.6,85.5
1691126426.0,-232.1,-6.1,87.5
1691126441.0,-231.6,-12.0,90.3
1691126456.0,-238.9,-5.8,89.8
1691126471.0,-238.1,-13.6,85.5
1691126486.0,-238.3,-11.7,89.9
1691126501.0,-233.6,-13.5,89.7
1691126516.0,-239.3,-13.8,92.8
1691126531.0,-227.7,-12.3,92.9
1691126546.0,-214.5,-22.7,89.4
1691126561.0,-219.9,-20.7,91.3
1691126576.0,-191.3,-25.7,77.7
1691126591.0,-168.5,-34.2,71.0
1691126606.0,-223.9,-13.7,98.4
1691126621.0,-214.1,-19.0,89.6
1691126636.0,-155.7,-47.5,57.0
1691126651.0,-191.6,-29.8,74.1
1691126666.0,-222.6,-17.4,90.9
1691126681.0,-220.5,-12.4,85.7
1691126696.0,-216.8,-12.4,88.8
1691126711.0,-220.7,-12.6,95.8
1691126726.0,-222.4,-14.3,96.1
1691126741.0,-215.3,-20.3,94.0
1691126756.0,-223.2,-16.3,94.4
1691126771.0,-218.6,-15.3,98.4
1691126786.0,-183.5,-30.5,86.5
1691126801.0,-210.1,-18.1,91.1
1691126816.0,-221.2,-16.0,90.4
1691126831.0,-191.6,-24.6,95.6
1691126846.0,-189.6,-31.1,91.3
1691126861.0,-203.1,-28.0,102.4
1691126876.0,-202.8,-26.7,98.2
1691126891.0,-203.4,-25.2,94.7
1691126906.0,-227.9,-21.8,81.9
1691126921.0,-203.8,-19.0,89.7
1691126936.0,-208.4,-13.3,91.3
1691126951.0,-217.3,-18.8,95.0
1691126966.0,-225.0,-12.3,100.1
1691126981.0,-230.8,-17.3,98.6
1691126996.0,-228.3,-15.4,99.7
1691127011.0,-217.9,-23.8,95.1
1691127026.0,-224.9,-20.5,99.5
1691127041.0,-222.8,-23.4,94.9
1691127056.0,-220.0,-15.2,91.4
1691127071.0,-234.0,-20.1,97.3
1691127086.0,-210.9,-12.1,94.6
1691127101.0,-243.1,-30.5,74.4
1691127116.0,-234.5,-13.7,97.3
1691127131.0,-228.7,-14.8,90.1
1691127146.0,-240.0,-11.4,93.7
1691127161.0,-232.7,-15.7,94.7
1691127176.0,-226.6,-16.6,97.7
1691127191.0,-224.9,-14.6,100.7
1691127206.0,-229.2,-18.6,96.1
1691127221.0,-201.6,-27.3,95.1
1691127236.0,-218.4,-18.7,98.3
1691127251.0,-214.3,-20.8,94.8
1691127266.0,-228.5,-16.5,97.9
1691127281.0,-160.9,-34.9,78.4
1691127296.0,-219.2,-18.7,99.5
1691127311.0,-232.4,-16.5,103.1
1691127326.0,-216.3,-17.3,101.7
1691127341.0,-193.4,-32.7,90.8
1691127356.0,-228.8,-9.7,102.6
1691127371.0,-215.1,-16.3,94.1
1691127386.0,-232.7,-15.9,105.8
1691127401.0,-208.7,-30.9,95.5
1691127416.0,-223.7,-24.7,99.1
1691127431.0,-226.2,-26.7,104.4
1691127446.0,-227.0,-26.2,100.7
1691127461.0,-217.5,-18.3,90.2
1691127476.0,-288.7,25.7,66.5
1691127491.0,-239.4,-12.4,97.8
1691127506.0,-226.5,-13.9,91.8
1691127521.0,-217.5,-20.3,94.5
1691127536.0,-235.7,-13.9,92.4
1691127551.0,-234.3,-14.3,100.0
1691127566.0,-230.4,-16.8,99.8
1691127581.0,-242.3,-10.6,99.0
1691127596.0,-234.0,-12.7,98.5
1691127611.0,-235.7,-10.6,97.6
1691127626.0,-233.7,-14.2,103.9
1691127641.0,-218.3,-16.9,95.1
1691127656.0,-232.3,-19.8,95.5
1691127671.0,-210.6,-22.8,89.6
1691127686.0,-230.8,-14.0,97.1
1691127701.0,-234.1,-15.2,100.7
1691127716.0,-231.7,-19.8,101.9
1691127731.0,-241.8,-18.5,101.8
1691127746.0,-164.6,-32.3,76.3
1691127761.0,-239.1,-22.0,105.9
1691127776.0,-217.6,-23.9,100.4
1691127791.0,-233.7,-17.5,90.5
1691127806.0,-229.1,-19.2,95.0
1691127821.0,-227.2,-13.2,91.8
1691127836.0,-232.4,-15.2,96.5
1691127851.0,-237.8,-15.8,101.2
1691127866.0,-235.0,-14.7,102.7
1691127881.0,-226.0,-14.5,97.8
1691127896.0,-220.8,-12.3,100.7
1691127911.0,-213.8,-20.6,92.6
1691127926.0,-225.0,-19.4,88.4
1691127941.0,-238.3,-15.0,99.2
1691127956.0,-234.7,-15.8,98.9
1691127971.0,-232.1,-16.9,101.2
1691127986.0,-221.9,-15.4,93.8
1691128001.0,-239.8,-8.5,100.1
1691128016.0,-229.1,-19.1,88.3
1691128046.0,-220.6,-17.5,104.9
1691128061.0,-224.3,-17.0,94.0
1691128076.0,-215.9,-14.5,92.9
1691128091.0,-230.8,-14.1,94.4
1691128106.0,-221.5,-4.9,87.2
1691128121.0,-204.5,-12.8,82.8
1691128136.0,-221.9,-7.6,88.6
1691128151.0,-207.8,-12.6,86.4
1691128166.0,-208.9,-14.6,86.9
1691128181.0,-218.8,-12.2,92.1
1691128196.0,-218.9,-12.1,92.0
1691128211.0,-211.0,-19.1,92.1
1691128226.0,-220.8,-8.5,85.5
1691128241.0,-235.0,-20.4,80.0
1691128256.0,-208.3,-15.4,82.0
1691128271.0,-218.1,-10.6,85.8
1691128286.0,-211.2,-18.3,83.9
1691128301.0,-222.0,-10.7,94.3
1691128316.0,-218.9,-15.2,94.3
1691128331.0,-186.9,-23.6,72.9
1691128346.0,-231.2,-5.2,90.3
1691128361.0,-233.0,-9.6,95.5
1691128376.0,-233.8,-10.2,95.6
1691128391.0,-237.9,-1.6,87.0
1691128406.0,-233.2,-9.0,101.7
1691128421.0,-204.1,-19.4,93.9
1691128436.0,-226.9,-8.6,92.4
1691128451.0,-196.2,-15.5,83.0
1691128466.0,-217.4,-15.9,96.4
1691128481.0,-232.7,-13.0,101.7
1691128496.0,-215.7,-14.9,97.4
1691128511.0,-220.6,-16.3,103.8
1691128526.0,-217.2,-14.5,97.0
1691128541.0,-212.4,-18.7,96.2
1691128556.0,-218.6,-15.5,103.7
1691128571.0,-213.0,-12.9,99.3
1691128586.0,-218.8,-14.7,102.4
1691128601.0,-211.3,-16.4,104.3
1691128616.0,-212.4,-21.6,100.5
1691128631.0,-208.1,-19.9,104.6
1691128646.0,-211.7,-17.5,106.1
1691128661.0,-211.3,-19.8,103.9
1691128676.0,-209.4,-15.1,105.6
1691128691.0,-215.8,-19.8,110.0
1691128706.0,-216.5,-19.7,108.3
1691128721.0,-216.8,-18.9,105.6
1691128736.0,-241.1,-85.7,67.8
1691128751.0,-244.4,-92.2,68.2
1691128766.0,-241.4,-94.4,66.8
1691128781.0,-241.3,-92.3,66.2
1691128796.0,-244.1,-91.7,67.2
1691128811.0,-238.7,-89.9,69.1
1691128826.0,-240.1,-91.4,68.2
1691128841.0,-240.0,-91.4,67.9
1691128856.0,-238.3,-89.5,69.4
1691128871.0,-239.9,-90.3,66.1
1691128886.0,-239.7,-90.2,67.6
1691128901.0,-239.3,-86.9,68.5
1691128916.0,-240.0,-86.5,67.1
1691128931.0,-238.6,-88.5,67.3
1691128946.0,-242.3,-88.5,65.8
1691128961.0,-241.5,-87.7,68.8
1691128976.0,-238.4,-87.0,67.7
1691128991.0,-238.2,-87.0,70.2
1691129006.0,-238.7,-90.5,67.1
1691129021.0,-240.3,-87.8,67.5
1691129036.0,-237.4,-88.0,70.3
1691129051.0,-237.8,-86.6,66.8
1691129066.0,-238.6,-87.4,69.5
1691129081.0,-239.6,-86.6,66.7
1691129096.0,-240.9,-86.6,69.3
1691129111.0,-241.5,-88.0,66.4
1691129126.0,-210.4,-7.3,90.1
1691129141.0,-219.0,-11.3,99.8
1691129156.0,-201.7,-10.0,93.2
1691129171.0,-220.1,-2.9,84.5
1691129186.0,-213.8,-3.3,89.2
1691129201.0,-215.3,-8.2,99.5
1691129216.0,-209.6,-11.5,101.5
1691129231.0,-208.7,-16.7,96.7
1691129246.0,-209.3,-18.4,103.0
1691129261.0,-216.0,-17.8,107.0
1691129276.0,-185.3,-21.3,86.4
1691129291.0,-213.5,-12.8,101.9
1691129306.0,-169.7,-29.4,79.3
1691129321.0,-176.1,-25.3,80.6
1691129336.0,-214.6,-15.2,96.4
1691129351.0,-197.9,-18.2,93.5
1691129366.0,-241.7,-2.5,87.4
1691129381.0,-216.1,1.8,84.0
1691129396.0,-228.2,3.2,89.9
1691129411.0,-228.6,-7.5,91.1
1691129426.0,-219.3,-9.1,97.7
1691129441.0,-216.9,-10.7,102.7
1691129456.0,-229.4,-24.5,125.1
1691129471.0,-244.3,-40.2,117.9
1691129486.0,-245.7,-33.2,155.0
1691129501.0,-221.3,-37.3,135.6
1691129516.0,-216.5,-27.8,142.9
1691129531.0,-221.1,-29.1,145.3
1691129546.0,-238.3,-43.9,133.4
1691129561.0,-237.2,-35.4,143.9
1691129576.0,-236.2,-34.2,148.5
1691129591.0,-233.8,-37.2,151.1
1691129606.0,-236.6,-42.6,142.4
1691129621.0,-241.4,-34.1,151.2
1691129636.0,-236.2,-41.8,152.9
1691129651.0,-227.9,-36.2,133.5
1691129666.0,-225.1,-38.3,140.5
1691129681.0,-189.7,-37.5,138.2
1691129696.0,-205.1,-20.3,79.0
1691129711.0,-209.2,-30.0,80.1
1691129726.0,-234.4,-47.5,133.5
1691129741.0,-231.0,-69.9,131.4
1691129756.0,-231.9,-61.2,156.3
1691129771.0,-226.9,-65.0,152.7
1691129786.0,-195.2,-61.7,120.0
1691129801.0,-206.4,-65.4,138.1
1691129816.0,-217.8,-76.4,148.9
1691129831.0,-216.9,-76.5,154.1
1691129846.0,-224.4,-79.8,155.7
1691129861.0,-213.9,-77.3,152.0
1691129876.0,-214.2,-81.1,151.1
1691129891.0,-201.0,-90.1,146.0
1691129906.0,-191.7,-102.1,156.1
1691129921.0,-235.5,-104.6,152.3
1691129936.0,-211.5,-16.7,108.3
1691129951.0,-220.4,-21.3,99.9
1691129966.0,-269.9,-25.5,94.4
1691129981.0,-227.3,-27.8,109.8
1691129996.0,-226.0,-17.4,107.3
1691130011.0,-223.6,-15.6,106.0
1691130026.0,-239.2,1.6,87.0
1691130041.0,-228.6,-1.3,98.7
1691130056.0,-227.0,-17.8,107.6
1691130071.0,-222.5,-10.5,94.7
1691130086.0,-214.2,-9.3,94.9
1691130101.0,-213.2,-22.2,91.6
1691130116.0,-220.7,-16.3,89.5
1691130131.0,-215.6,-15.8,97.6
1691130146.0,-218.5,-13.9,98.6
1691130161.0,-224.0,-21.5,104.3
1691130176.0,-227.0,-24.3,109.2
1691130191.0,-219.7,-16.3,89.5
1691130206.0,-234.8,-16.3,101.1
1691130221.0,-218.7,-12.7,88.8
1691130236.0,-226.2,-9.4,91.6
1691130251.0,-221.2,-38.8,117.2
1691130266.0,-215.2,-27.7,108.6
1691130281.0,-226.9,-28.1,114.9
1691130296.0,-229.3,-32.6,118.2
1691130311.0,-222.0,-27.5,111.9
1691130326.0,-221.7,-29.5,115.0
1691130341.0,-227.6,-36.5,119.5
1691130356.0,-225.0,-21.4,104.8
1691130371.0,-222.1,-39.3,109.0
1691130386.0,-223.4,-33.0,111.4
1691130401.0,-230.8,-27.8,109.9
1691130416.0,-229.8,-39.9,114.5
1691130431.0,-233.4,-32.6,116.1
1691130446.0,-230.5,-19.1,101.7
1691130461.0,-212.2,-32.4,101.2
1691130476.0,-231.4,-29.7,113.6
1691130491.0,-230.3,-30.4,115.9
1691130506.0,-230.8,-29.6,113.0
1691130521.0,-112.3,-135.4,74.0
1691130536.0,-214.0,-30.2,103.5
1691130551.0,-222.3,-35.0,111.8
1691130566.0,-220.0,-42.3,106.5
1691130581.0,-240.1,-23.5,106.3
1691130596.0,-222.6,-28.1,109.2
1691130611.0,-221.8,-33.1,109.5
1691130626.0,-235.1,-25.5,107.1
1691130641.0,-233.4,-26.3,112.1
1691130656.0,-218.1,-34.4,107.3
1691130671.0,-214.3,-10.5,90.0
1691130686.0,-208.7,-29.5,101.8
1691130701.0,-224.8,-25.0,103.5
1691130716.0,-221.7,-19.3,105.4
1691130731.0,-202.7,-26.5,95.0
1691130746.0,-219.0,-24.4,92.2
1691130761.0,-221.2,-21.9,103.3
1691130776.0,-249.4,-10.6,92.2
1691130791.0,-213.9,-23.0,98.7
1691130806.0,-218.1,-35.7,114.4
1691130821.0,-217.6,-25.9,106.2
1691130836.0,-217.9,-35.6,105.9
1691130851.0,-214.8,-27.4,100.0
1691130866.0,-217.8,-31.8,106.4
1691130881.0,-214.4,-30.2,99.6
1691130896.0,-221.2,-34.3,104.7
1691130911.0,-210.0,-23.0,103.9
1691130926.0,-210.7,-22.7,97.7
1691130941.0,-213.3,-28.4,99.5
1691130956.0,-215.6,-28.3,109.7
1691130971.0,-209.4,-30.3,100.2
1691130986.0,-215.1,-32.0,104.5
1691131001.0,-218.0,-30.2,96.8
1691131016.0,-215.7,-16.1,99.7
1691131031.0,-237.4,-15.7,97.9
1691131046.0,-229.7,-22.1,96.9
1691131061.0,-217.9,-24.4,109.6
1691131076.0,-215.1,-23.9,104.8
1691131091.0,-212.1,-28.9,106.7
1691131106.0,-211.7,-29.8,103.0
1691131121.0,-221.6,-25.5,107.9
1691131136.0,-209.3,-21.8,105.8
1691131151.0,-218.5,-27.6,107.5
1691131166.0,-226.3,-23.8,104.1
1691131181.0,-209.1,-26.4,103.7
1691131196.0,-214.7,-27.0,105.7
1691131211.0,-217.6,-27.7,106.9
1691131226.0,-216.4,-29.0,105.3
1691131241.0,-222.7,-28.1,105.0
1691131256.0,-224.9,-27.1,102.6
1691131271.0,-218.5,-29.0,102.1
1691131286.0,-220.1,-22.3,107.9
1691131301.0,-212.7,-22.3,102.1
1691131316.0,-212.3,-26.7,105.3
1691131331.0,-219.4,-21.9,105.4
1691131346.0,-216.3,-21.8,109.0
1691131361.0,-219.5,-22.6,106.3
1691131376.0,-218.7,-21.7,105.1
1691131391.0,-225.5,-25.4,106.0
1691131406.0,-219.1,-28.4,105.0
1691131421.0,-213.0,-20.3,99.2
1691131436.0,-223.0,-30.3,100.1
1691131451.0,-227.5,-27.3,101.7
1691131466.0,-212.1,-25.8,100.9
1691131481.0,-214.0,-25.1,101.9
1691131496.0,-218.5,-27.8,101.4
1691131511.0,-225.6,-24.6,102.6
1691131526.0,-221.4,-24.5,102.3
1691131541.0,-225.8,-26.9,103.8
1691131556.0,-224.1,-25.1,103.4
1691131571.0,-222.5,-20.5,105.7
1691131586.0,-224.3,-22.6,102.8
1691131601.0,-223.0,-23.1,106.9
1691131616.0,-214.6,-29.1,98.1
1691131631.0,-220.6,-32.5,106.5
1691131646.0,-211.0,-28.7,109.6
1691131661.0,-215.0,-18.9,107.9
1691131676.0,-213.8,-26.2,91.2
1691131691.0,-221.5,-19.9,106.0
1691131706.0,-204.9,-28.9,100.3
1691131721.0,-221.4,-22.7,103.4
1691131736.0,-225.9,-7.3,102.5
1691131751.0,-224.3,-14.7,105.0
1691131766.0,-219.9,-24.4,96.1
1691131781.0,-230.2,-22.8,89.2
1691131796.0,-220.8,-14.9,97.5
1691131811.0,-193.5,-43.4,85.1
1691131826.0,-229.1,-23.3,92.3
1691131841.0,-228.3,-12.6,98.1
1691131856.0,-216.4,-20.2,100.0
1691131871.0,-219.3,-16.9,98.1
1691131886.0,-223.5,-15.2,100.7
1691131901.0,-240.8,3.2,90.4
1691131916.0,-228.3,-16.5,91.5
1691131931.0,-222.9,-17.6,93.9
1691131946.0,-219.2,-19.9,106.8
1691131961.0,-231.3,-10.5,98.5
1691131976.0,-217.5,-15.0,105.7
1691131991.0,-219.7,-14.6,100.6
1691132006.0,-218.0,-16.9,101.3
1691132021.0,-226.1,-15.3,105.0
1691132036.0,-219.9,-17.8,98.6
1691132051.0,-214.2,-15.9,98.2
1691132066.0,-214.3,-16.7,100.9
1691132081.0,-214.0,-19.1,101.1
1691132096.0,-222.6,-16.6,103.9
1691132111.0,-233.4,-10.0,95.4
1691132126.0,-219.1,-13.0,96.8
1691132141.0,-218.7,-20.3,106.9
1691132156.0,-227.3,-23.1,110.0
1691132171.0,-228.4,-21.2,111.6
1691132186.0,-218.9,-13.8,97.8
1691132201.0,-215.3,-20.1,104.4
1691132216.0,-202.6,-16.5,98.4
1691132231.0,-227.4,-22.9,110.2
1691132246.0,-216.7,-14.7,102.3
1691132261.0,-211.6,-16.6,98.9
1691132276.0,-216.1,-20.2,104.5
1691132291.0,-227.3,-22.6,110.9
1691132306.0,-225.1,-4.5,94.5
1691132321.0,-224.2,-20.1,88.2
1691132336.0,-220.6,-21.8,90.5
1691132351.0,-219.8,-22.1,101.1
1691132366.0,-222.1,-21.8,103.3
1691132381.0,-206.4,-29.1,95.8
1691132396.0,-214.6,-31.9,93.4
1691132411.0,-221.2,-25.0,102.8
1691132426.0,-213.7,-22.8,101.1
1691132441.0,-222.4,-22.7,99.0
1691132456.0,-222.6,-22.6,98.1
1691132471.0,-216.6,-21.3,104.5
1691132486.0,-222.3,-24.3,102.4
1691132501.0,-214.1,-16.0,103.7
1691132516.0,-217.0,-22.0,107.7
1691132531.0,-218.1,-41.9,107.8
1691132546.0,-221.3,-28.9,113.7
1691132561.0,-223.3,-30.1,113.1
1691132576.0,-196.2,-47.8,100.4
1691132591.0,-207.5,-19.7,100.8
1691132606.0,-231.5,-33.4,107.0
1691132621.0,-224.8,-33.1,114.7
1691132636.0,-210.3,-22.4,102.6
1691132651.0,-206.6,-29.4,104.3
1691132666.0,-217.4,-32.7,106.3
1691132681.0,-208.6,-28.0,102.1
1691132696.0,-207.8,-30.9,105.2
1691132711.0,-215.0,-34.0,102.8
1691132726.0,-233.1,-30.5,116.5
1691132741.0,-211.9,-28.7,104.8
1691132756.0,-210.4,-31.5,99.2
1691132771.0,-210.5,-36.6,105.3
1691132786.0,-211.5,-38.2,104.2
1691132801.0,-209.6,-30.8,99.9
1691132816.0,-197.3,-27.0,99.9
1691132831.0,-206.1,-20.6,93.8
1691132846.0,-217.2,-24.4,98.5
1691132861.0,-221.2,-26.4,95.7
1691132876.0,-212.1,-42.0,82.4
1691132891.0,-222.5,-20.9,112.0
1691132906.0,-211.9,-21.7,97.9
1691132921.0,-218.2,-19.3,103.6
1691132936.0,-221.5,-19.8,103.8
1691132951.0,-227.4,-10.8,97.5
1691132966.0,-209.2,-23.8,97.5
1691132981.0,-214.7,-21.4,101.0
1691132996.0,-211.3,-20.5,101.0
1691133011.0,-210.2,-18.0,103.9
1691133026.0,-215.8,-24.6,102.2
1691133041.0,-218.1,-23.9,93.0
1691133056.0,-213.7,-25.9,92.3
1691133071.0,-230.8,-2.2,91.6
1691133086.0,-212.8,-20.5,100.4
1691133101.0,-217.9,-22.0,109.1
1691133116.0,-224.2,-7.7,100.0
1691133131.0,-214.1,-24.0,97.8
1691133146.0,-217.9,-22.6,103.3
1691133161.0,-216.2,-22.2,106.4
1691133176.0,-208.3,-23.0,97.7
1691133191.0,-216.3,-25.8,101.6
1691133206.0,-219.9,-21.3,106.9
1691133221.0,-217.4,-22.6,107.2
1691133236.0,-213.0,-21.3,97.9
1691133251.0,-212.5,-24.0,102.1
1691133266.0,-217.1,-22.7,105.7
1691133281.0,-213.7,-22.5,106.9
1691133296.0,-207.7,-28.3,98.7
1691133311.0,-214.9,-22.3,104.7
1691133326.0,-214.5,-25.6,112.9
1691133341.0,-215.3,-26.5,114.2
1691133356.0,-220.2,-13.9,97.5
1691133371.0,-214.2,-20.3,102.9
1691133386.0,-213.8,-24.8,107.2
1691133401.0,-216.6,-27.3,109.1
1691133416.0,-218.7,-16.9,94.5
1691133431.0,-215.6,-25.9,98.3
1691133446.0,-215.6,-28.4,108.6
1691133461.0,-214.6,-27.0,111.7
1691133476.0,-217.9,-23.4,96.1
1691133506.0,-217.1,-22.4,101.3
1691133521.0,-219.5,-25.7,103.5
1691133536.0,-217.6,-23.9,104.1
1691133551.0,-217.6,-15.1,96.6
1691133566.0,-221.5,-16.0,103.9
1691133581.0,-217.7,-15.4,103.8
1691133596.0,-210.2,-28.9,99.5
1691133611.0,-213.3,-23.5,105.6
1691133626.0,-221.3,-23.3,108.0
1691133641.0,-218.6,-24.2,106.7
1691133656.0,-216.7,-17.3,98.2
1691133671.0,-213.4,-15.6,94.9
1691133686.0,-217.9,-20.2,103.6
1691133701.0,-218.4,-20.8,106.5
1691133716.0,-205.8,-30.2,99.0
1691133731.0,-218.8,-32.0,100.0
1691133746.0,-213.8,-29.7,98.8
1691133761.0,-215.0,-28.7,97.0
1691133776.0,-204.4,-38.6,102.2
1691133791.0,-219.3,-37.4,106.4
1691133806.0,-211.9,-22.7,99.2
1691133821.0,-220.6,-34.1,109.4
1691133836.0,-217.9,-35.7,106.6
1691133851.0,-220.7,-31.3,107.2
1691133866.0,-228.4,-31.2,106.7
1691133881.0,-217.1,-30.5,97.9
1691133896.0,-219.0,-37.0,104.0
1691133911.0,-226.0,-35.1,108.6
1691133926.0,-222.8,-33.4,106.4
1691133941.0,-206.7,-39.3,103.3
1691133956.0,-204.8,-34.8,96.2
1691133971.0,-210.5,-18.1,99.6
1691133986.0,-216.7,-32.8,102.8
1691134001.0,-208.5,-30.8,105.4
1691134016.0,-219.5,-33.4,109.3
1691134031.0,-209.7,-21.2,103.1
1691134046.0,-220.5,-23.3,106.2
1691134061.0,-219.1,-31.9,103.0
1691134076.0,-218.7,-34.1,101.9
1691134091.0,-216.1,-35.4,100.1
1691134106.0,-213.8,-83.7,97.4
1691134121.0,-214.2,-82.8,103.0
1691134136.0,-217.7,-84.1,97.4
1691134151.0,-216.4,-81.8,96.3
1691134166.0,-227.4,-77.3,69.8
1691134181.0,-237.1,-67.2,83.8
1691134196.0,-205.0,-85.1,87.3
1691134211.0,-210.1,-84.7,90.1
1691134226.0,-201.4,-85.0,89.9
1691134241.0,-211.7,-79.4,81.6
1691134256.0,-204.2,-80.4,79.2
1691134271.0,-200.5,-81.0,82.4
1691134286.0,-200.2,-81.4,82.3
1691134301.0,-203.9,-80.5,81.5
1691134316.0,-207.8,-79.8,82.8
1691134331.0,-198.3,-82.4,88.2
1691134346.0,-216.7,-92.0,92.5
1691134361.0,-213.7,-81.0,83.2
1691134376.0,-210.2,-84.6,90.2
1691134391.0,-200.3,-85.2,89.1
1691134406.0,-215.4,-34.5,120.9
1691134421.0,-219.5,-28.1,116.4
1691134436.0,-231.7,-17.3,101.8
1691134451.0,-218.0,-22.5,113.0
1691134466.0,-224.7,-24.1,114.7
1691134481.0,-211.9,-21.8,103.0
1691134496.0,-208.4,-24.1,107.9
1691134511.0,-222.9,-30.0,109.4
1691134526.0,-214.8,-26.2,108.3
1691134541.0,-215.1,-27.0,107.2
1691134556.0,-217.4,-31.7,114.5
1691134571.0,-224.7,-30.8,118.8
1691134586.0,-224.3,-31.6,116.1
1691134601.0,-224.7,-26.6,109.3
1691134616.0,-217.6,-32.8,113.7
1691134631.0,-231.1,-29.6,112.4
1691134646.0,-213.8,-20.5,105.4
1691134661.0,-220.3,-21.5,105.6
1691134676.0,-211.4,-33.0,108.1
1691134691.0,-219.6,-32.8,109.6
1691134706.0,-214.4,-33.6,109.4
1691134721.0,-232.7,-26.0,109.0
1691134736.0,-224.3,-29.2,110.9
1691134751.0,-225.2,-29.0,108.6
1691134766.0,-233.6,-20.4,113.3
1691134781.0,-229.9,-18.4,99.4
1691134796.0,-224.7,-25.5,111.7
1691134811.0,-226.0,-26.5,111.2
1691134826.0,-236.0,-16.7,104.0
1691134841.0,-250.7,-11.6,108.3
1691134856.0,-230.9,-28.0,109.0
1691134871.0,-204.0,-8.3,86.3
1691134886.0,-210.6,-9.6,82.9
1691134901.0,-220.0,-16.2,83.9
1691134916.0,-215.3,-14.9,92.2
1691134931.0,-211.5,-11.3,100.6
1691134946.0,-215.0,-15.8,105.9
1691134961.0,-212.9,-23.3,101.0
1691134976.0,-218.5,-18.8,102.6
1691134991.0,-221.7,-21.4,112.2
1691135006.0,-222.2,-23.7,112.5
1691135021.0,-225.8,-22.8,107.4
1691135036.0,-229.3,-19.8,111.7
1691135051.0,-227.8,-22.7,112.5
1691135066.0,-247.1,-6.9,86.9
1691135081.0,-210.6,-27.0,94.2
1691135096.0,-212.6,-24.3,109.1
1691135111.0,-222.0,-23.1,111.6
1691135126.0,-219.8,-22.6,110.1
1691135141.0,-219.2,-17.6,97.4
1691135156.0,-218.2,-17.8,108.5
1691135171.0,-219.0,-28.3,112.9
1691135186.0,-223.5,-26.0,112.8
1691135201.0,-220.3,-7.6,87.2
1691135216.0,-218.0,-26.0,107.2
1691135231.0,-215.7,-29.0,108.5
1691135246.0,-219.5,-23.4,108.4
1691135261.0,-212.9,-26.8,114.0
1691135276.0,-215.7,-30.8,109.6
1691135291.0,-221.4,-30.3,112.4
1691135321.0,-218.8,-21.8,102.2
1691135336.0,-217.6,-23.4,112.5
1691135351.0,-216.1,-31.0,111.5
1691135366.0,-213.8,-32.0,109.7
1691135381.0,-199.3,-86.4,93.2
1691135396.0,-198.5,-81.2,83.3
1691135411.0,-196.4,-76.2,84.2
1691135426.0,-194.3,-72.7,80.3
1691135441.0,-196.8,-77.8,86.9
1691135456.0,-200.4,-79.4,85.9
1691135471.0,-204.0,-80.3,81.6
1691135486.0,-208.9,-87.9,80.4
1691135501.0,-216.3,-17.6,104.1
1691135516.0,-269.5,10.4,48.0
1691135531.0,-255.8,5.5,37.4
1691135546.0,-257.3,3.2,36.6
1691135561.0,-256.0,3.4,36.5
1691135576.0,-202.9,-23.4,90.3
1691135591.0,-203.2,-32.7,93.2
1691135606.0,-209.1,-24.9,100.1
1691135621.0,-213.3,-32.3,100.5
1691135636.0,-215.2,-32.1,105.0
1691135651.0,-202.3,-38.6,96.7
1691135666.0,-209.7,-34.5,103.4
1691135681.0,-221.7,-34.8,110.1
1691135696.0,-223.4,-32.4,110.2
1691135711.0,-212.2,-33.7,103.7
1691135726.0,-220.3,-26.2,101.3
1691135741.0,-218.6,-37.1,109.5
1691135756.0,-220.4,-32.8,111.1
1691135771.0,-232.3,-19.8,108.5
1691135786.0,-229.5,-30.9,110.5
1691135801.0,-217.2,-26.4,112.4
1691135816.0,-225.9,-28.9,112.8
1691135831.0,-223.2,-29.2,111.8
1691135846.0,-225.9,-29.9,107.8
1691135861.0,-227.5,-29.5,106.4
1691135876.0,-226.8,-30.4,111.2
1691135891.0,-223.1,-30.2,111.2
1691135906.0,-229.7,-26.9,113.3
1691135921.0,-231.0,-26.9,114.7
1691135936.0,-226.2,-29.7,108.3
1691135951.0,-228.0,-26.8,112.1
1691135966.0,-230.7,-28.1,112.5
1691135981.0,-228.1,-28.6,111.2
1691135996.0,-227.6,-26.8,108.8
1691136011.0,-230.8,-29.1,109.7
1691136026.0,-228.4,-27.3,109.5
1691136041.0,-233.8,-26.6,110.6
1691136056.0,-228.7,-27.6,108.4
1691136071.0,-234.9,-23.4,109.5
1691136086.0,-231.5,-28.1,109.2
1691136101.0,-230.8,-28.8,106.2
1691136116.0,-224.2,-26.6,107.9
1691136131.0,-225.4,-27.9,105.2
1691136146.0,-192.9,-93.8,97.0
1691136161.0,-185.6,-94.5,99.7
1691136176.0,-190.7,-92.5,100.3
1691136191.0,-193.1,-92.6,98.1
1691136206.0,-208.6,-80.1,81.1
1691136221.0,-195.7,-83.1,83.3
1691136236.0,-200.0,-85.4,94.0
1691136251.0,-218.4,-31.6,107.1
1691136266.0,-219.1,-35.6,107.5
1691136281.0,-215.1,-63.2,117.5
1691136296.0,-216.2,-23.0,94.9
1691136311.0,-214.4,-19.6,93.3
1691136326.0,-208.6,-25.5,86.1
1691136341.0,-219.5,-20.5,101.2
1691136356.0,-218.5,-21.3,107.2
1691136371.0,-214.5,-24.8,108.0
1691136386.0,-217.0,-28.0,101.8
1691136401.0,-216.6,-24.4,93.2
1691136416.0,-214.0,-21.5,92.8
1691136431.0,-210.0,-23.3,97.3
1691136446.0,-202.1,-31.1,93.2
1691136461.0,-199.2,-36.3,101.0
1691136476.0,-202.4,-36.0,105.5
1691136491.0,-219.9,-35.6,111.2
1691136506.0,-214.0,-33.4,104.6
1691136521.0,-226.7,-32.2,107.1
1691136536.0,-207.8,-27.5,98.5
1691136551.0,-221.8,-93.0,50.8
1691136566.0,-211.1,-29.3,97.4
1691136581.0,-223.5,-28.2,100.0
1691136596.0,-227.0,-36.2,100.4
1691136611.0,-217.1,-31.5,105.6
1691136626.0,-212.0,-34.1,103.8
1691136641.0,-220.7,-32.2,112.3
1691136656.0,-216.5,-32.9,102.3
1691136671.0,-212.0,-26.6,105.7
1691136686.0,-213.8,-30.3,110.8
1691136701.0,-198.8,-29.2,93.6
1691136716.0,-209.3,-20.3,87.5
1691136731.0,-217.7,-22.1,109.6
1691136746.0,-213.3,-26.5,81.2
1691136761.0,-221.4,-27.2,89.1
1691136776.0,-231.2,-20.6,84.1
1691136791.0,-214.2,-25.7,93.6
1691136806.0,-217.8,-21.6,91.6
1691136821.0,-218.7,-25.9,106.4
1691136836.0,-221.6,-20.9,101.3
1691136851.0,-209.5,-18.8,100.1
1691136866.0,-191.6,-34.3,106.3
1691136881.0,-196.9,-14.7,94.2
1691136896.0,-202.6,-16.0,91.1
1691136911.0,-229.5,-21.1,81.4
1691136926.0,-217.7,-19.9,91.4
1691136941.0,-213.5,-22.9,89.7
1691136956.0,-224.7,-21.2,88.3
1691136971.0,-213.8,-18.1,87.9
1691136986.0,-204.0,-26.6,86.1
1691137001.0,-222.5,-24.0,91.1
1691137016.0,-223.2,-20.5,92.1
1691137031.0,-221.0,-25.1,92.0
1691137046.0,-212.5,-21.1,88.5
1691137061.0,-216.4,-13.8,99.9
1691137076.0,-232.1,-20.7,102.5
1691137091.0,-215.1,-21.2,99.1
1691137106.0,-215.2,-16.7,99.1
1691137121.0,-216.5,-16.3,93.3
1691137136.0,-209.2,-16.1,89.5
1691137151.0,-227.8,-26.5,87.5
1691137166.0,-221.2,-18.4,98.9
1691137181.0,-218.1,-18.5,95.2
1691137196.0,-229.7,-41.7,85.3
1691137211.0,-210.0,-22.7,90.4
1691137226.0,-226.5,-23.4,88.4
1691137241.0,-221.6,-20.9,97.3
1691137256.0,-220.2,-24.5,104.7
1691137271.0,-229.9,-38.4,98.0
1691137286.0,-224.9,-23.5,98.5
1691137301.0,-222.7,-23.2,92.9
1691137316.0,-217.2,-16.9,99.8
1691137331.0,-234.1,-20.9,92.1
1691137346.0,-223.2,-19.1,96.5
1691137361.0,-217.4,-23.5,104.0
1691137376.0,-211.4,-24.1,107.4
1691137391.0,-211.8,-16.4,101.1
1691137406.0,-222.3,-21.8,97.0
1691137421.0,-222.2,-39.3,103.5
1691137436.0,-195.2,-28.0,76.7
1691137451.0,-205.9,-24.5,97.8
1691137466.0,-213.6,-17.7,95.6
1691137481.0,-222.2,-23.5,95.5
1691137496.0,-213.3,-24.8,93.6
1691137511.0,-215.8,-18.7,94.2
1691137526.0,-219.2,-25.0,98.5
1691137541.0,-225.2,-26.0,99.0
1691137556.0,-223.8,-30.1,97.0
1691137571.0,-225.2,-31.1,96.0
1691137586.0,-234.3,-26.6,99.6
1691137601.0,-221.6,-28.4,88.8
1691137616.0,-220.2,-22.9,97.5
1691137631.0,-221.1,-21.7,93.5
1691137646.0,-239.4,-39.5,78.4
1691137661.0,-219.7,-6.8,109.4
1691137676.0,-221.8,-24.7,92.0
1691137691.0,-226.5,-18.4,107.4
1691137706.0,-224.0,-25.5,98.7
1691137721.0,-223.7,-15.4,101.8
1691137736.0,-224.7,-26.4,105.4
1691137751.0,-221.0,-21.8,110.0
1691137766.0,-218.3,-20.8,100.8
1691137781.0,-224.5,-21.3,104.5
1691137796.0,-222.3,-26.8,106.8
1691137811.0,-217.5,-27.7,106.7
1691137826.0,-220.1,-27.0,105.5
1691137841.0,-223.8,-28.7,101.0
1691137856.0,-220.1,-24.8,104.0
1691137871.0,-223.4,-23.2,108.1
1691137886.0,-222.0,-26.0,103.6
1691137901.0,-254.0,-9.7,124.4
1691137916.0,-217.4,-22.2,104.1
1691137931.0,-221.8,-19.8,100.8
1691137946.0,-222.8,-22.5,105.3
1691137961.0,-219.6,-22.9,106.2
1691137976.0,-219.6,-23.5,108.2
1691137991.0,-222.0,-24.9,105.1
1691138006.0,-225.8,-22.2,112.0
1691138021.0,-223.2,-21.5,103.9
1691138036.0,-226.5,-21.6,101.5
1691138051.0,-221.0,-22.8,105.5
1691138066.0,-262.4,2.8,133.3
1691138081.0,-219.2,-24.6,103.2
1691138096.0,-223.0,-24.4,101.4
1691138111.0,-220.6,-21.5,103.4
1691138126.0,-224.2,-21.8,105.1
1691138141.0,-223.5,-20.5,106.6
1691138156.0,-214.5,-57.8,113.0
1691138171.0,-220.4,-29.5,99.3
1691138186.0,-213.2,-22.1,100.1
1691138201.0,-218.1,-19.9,93.1
1691138216.0,-229.3,-28.5,99.8
1691138231.0,-228.2,-33.7,87.3
1691138246.0,-210.0,-21.1,95.9
1691138261.0,-221.9,-26.8,98.7
1691138276.0,-220.8,-22.5,102.0
1691138291.0,-221.9,-30.2,106.1
1691138306.0,-222.7,-32.0,96.7
1691138321.0,-223.0,-38.8,85.7
1691138336.0,-213.0,-37.5,91.1
1691138351.0,-225.1,-30.2,96.7
1691138366.0,-211.2,-23.6,97.9
1691138381.0,-231.9,-46.0,93.9
1691138396.0,-207.7,-25.5,102.6
1691138411.0,-231.5,-29.8,83.4
1691138426.0,-206.9,-22.0,110.2
1691138441.0,-203.9,-26.9,98.2
1691138456.0,-223.4,-28.9,99.1
1691138471.0,-225.9,-34.2,101.6
1691138486.0,-196.8,-32.7,97.3
1691138501.0,-211.1,-24.6,96.5
1691138516.0,-212.9,-21.1,93.1
1691138531.0,-214.0,-20.8,93.3
1691138546.0,-223.6,-21.7,98.1
1691138561.0,-215.1,-26.4,93.2
1691138576.0,-214.8,-19.6,93.2
1691138591.0,-223.9,-16.6,87.8
1691138606.0,-219.1,-15.6,82.7
1691138621.0,-214.3,-24.8,93.7
1691138636.0,-216.0,-26.3,87.5
1691138651.0,-217.1,-20.6,92.3
1691138666.0,-219.9,-18.1,90.8
1691138681.0,-210.0,-16.9,100.7
1691138696.0,-225.6,-21.8,89.9
1691138711.0,-222.3,-19.7,92.6
1691138726.0,-213.1,-25.5,92.5
1691138741.0,-219.0,-23.0,89.6
1691138756.0,-225.9,-25.3,92.9
1691138771.0,-217.3,-18.5,91.4
1691138786.0,-221.3,-20.1,99.1
1691138801.0,-211.0,-27.9,96.7
1691138816.0,-212.7,-32.0,98.4
1691138831.0,-226.7,-33.0,98.0
1691138846.0,-215.1,-32.6,101.1
1691138861.0,-220.8,-36.2,98.5
1691138876.0,-213.1,-26.1,95.8
1691138891.0,-213.5,-31.1,102.2
1691138906.0,-217.5,-32.5,88.5
1691138921.0,-215.0,-24.4,92.9
1691138936.0,-217.1,-21.6,100.8
1691138951.0,-226.7,-51.3,102.5
1691138966.0,-207.8,-23.5,100.8
1691138981.0,-202.6,-27.0,90.1
1691138996.0,-208.0,-26.5,104.5
1691139011.0,-212.1,-27.6,96.0
1691139026.0,-204.2,-28.1,95.1
1691139041.0,-221.4,-26.3,92.9
1691139056.0,-218.5,-23.6,97.4
1691139071.0,-240.7,-37.5,86.5
1691139086.0,-217.1,-21.8,98.5
1691139101.0,-230.3,-39.2,87.1
1691139116.0,-237.2,-39.5,89.4
1691139131.0,-213.8,-22.4,102.6
1691139146.0,-236.9,-39.8,81.2
1691139161.0,-214.9,-19.8,103.8
1691139176.0,-224.3,-24.9,101.1
1691139191.0,-217.0,-30.5,108.2
1691139206.0,-204.7,-63.4,116.4
1691139221.0,-198.0,-19.9,87.2
1691139236.0,-210.7,-21.0,82.1
1691139251.0,-209.0,-20.7,91.6
1691139266.0,-222.5,-18.6,88.4
1691139281.0,-226.7,-19.9,93.0
1691139296.0,-220.8,-18.3,83.1
1691139311.0,-214.9,-17.8,98.6
1691139326.0,-215.7,-16.2,102.4
1691139341.0,-219.0,-16.9,106.9
1691139356.0,-209.4,-20.3,86.6
1691139371.0,-206.2,-16.6,81.3
1691139386.0,-211.8,-24.9,76.4
1691139401.0,-209.8,-25.2,93.7
1691139416.0,-219.2,-20.2,87.6
1691139431.0,-215.9,-20.5,90.6
1691139446.0,-219.0,-26.9,102.4
1691139461.0,-213.2,-23.3,96.0
1691139476.0,-222.6,-24.0,97.9
1691139491.0,-220.4,-25.6,99.9
1691139506.0,-215.1,-18.7,87.5
1691139521.0,-219.3,-22.7,89.3
1691139536.0,-215.7,-21.1,103.1
1691139551.0,-222.8,-24.0,91.5
1691139566.0,-220.3,-22.1,90.6
1691139581.0,-215.6,-20.5,93.4
1691139596.0,-226.9,-22.7,94.4
1691139611.0,-228.7,-25.9,90.3
1691139626.0,-216.9,-24.7,100.0
1691139641.0,-212.5,-21.6,105.2
1691139656.0,-213.4,-21.9,104.6
1691139671.0,-213.8,-18.9,93.8
1691139686.0,-210.4,-19.6,91.6
1691139701.0,-215.2,-33.3,79.6
1691139716.0,-220.1,-26.6,96.6
1691139731.0,-221.0,-25.8,96.4
1691139746.0,-214.0,-23.1,97.2
1691139761.0,-212.2,-22.8,87.9
1691139776.0,-227.4,-22.3,88.7
1691139791.0,-203.8,-19.5,90.3
1691139806.0,-210.5,-22.9,97.4
1691139821.0,-217.7,-29.6,99.5
1691139836.0,-219.4,-33.5,96.4
1691139851.0,-220.3,-31.6,97.5
1691139866.0,-216.8,-23.7,105.1
1691139881.0,-214.7,-52.0,78.2
1691139896.0,-203.1,-18.2,89.8
1691139911.0,-221.5,-18.1,88.2
1691139926.0,-220.9,-21.2,92.1
1691139941.0,-219.2,-22.8,91.9
1691139956.0,-209.8,-21.5,92.5
1691139971.0,-210.0,-19.1,92.0
1691139986.0,-225.4,-24.4,83.9
1691140001.0,-223.5,-28.1,85.7
1691140016.0,-192.2,-46.7,72.6
1691140031.0,-224.1,-20.5,89.6
1691140046.0,-222.8,-19.4,92.3
1691140061.0,-232.9,-19.3,87.5
1691140076.0,-194.2,-89.8,77.0
1691140091.0,-218.4,-103.7,66.9
1691140106.0,-227.7,-113.6,71.9
1691140121.0,-192.2,-89.0,57.2
1691140136.0,-186.8,-87.8,59.6
1691140151.0,-184.2,-76.8,63.9
1691140166.0,-200.7,-90.4,47.8
1691140181.0,-195.6,-87.8,53.4
1691140196.0,-200.2,-94.2,53.2
1691140211.0,-195.1,-86.4,58.1
1691140226.0,-188.6,-97.9,45.0
1691140241.0,-195.0,-86.8,67.5
1691140256.0,-194.4,-85.4,61.4
1691140271.0,-189.7,-89.1,65.3
1691140286.0,-190.2,-84.7,64.7
1691140301.0,-189.6,-87.9,65.0
1691140316.0,-186.4,-88.0,64.2
1691140331.0,-186.7,-82.3,65.3
1691140346.0,-195.4,-89.7,58.3
1691140361.0,-186.4,-81.4,67.3
1691140376.0,-191.4,-88.7,60.3
1691140391.0,-180.6,-79.1,65.7
1691140406.0,-199.8,-91.5,60.7
1691140421.0,-213.7,-24.4,117.5
1691140436.0,-206.6,-37.4,90.8
1691140451.0,-225.0,-24.1,102.9
1691140466.0,-229.5,-22.9,103.2
1691140481.0,-224.7,-27.2,107.3
1691140496.0,-227.4,-24.0,109.3
1691140511.0,-225.9,-22.0,108.6
1691140526.0,-223.1,-21.5,108.6
1691140541.0,-206.3,-23.2,91.0
1691140556.0,-204.9,-24.9,92.0
1691140571.0,-204.9,-27.0,96.2
1691140586.0,-215.4,-25.6,99.2
1691140601.0,-215.1,-25.2,103.8
1691140616.0,-222.3,-15.9,105.0
1691140631.0,-213.6,-22.1,97.9
1691140646.0,-224.6,-22.7,95.2
1691140661.0,-218.7,-26.0,112.9
1691140676.0,-219.3,-27.8,112.5
1691140691.0,-219.1,-24.9,113.7
1691140706.0,-210.6,-13.2,94.6
1691140721.0,-158.9,15.0,95.4
1691140736.0,-202.1,-42.5,147.4
1691140751.0,-206.1,-38.2,154.0
1691140781.0,-204.9,-34.4,154.2
1691140796.0,-231.9,-41.4,138.4
1691140811.0,-213.8,-32.2,148.5
1691140826.0,-292.2,-246.1,102.3
1691140841.0,-895.6,-62.2,163.7
1691140856.0,-894.9,-30.1,139.3
1691140871.0,-899.0,-66.2,167.6
1691140886.0,-883.6,-21.9,119.4
1691140901.0,-881.8,-17.8,122.5
1691140916.0,-1138.7,692.6,393.7
1691140931.0,nan,nan,nan
1691140946.0,nan,nan,nan
1691140961.0,nan,nan,nan
1691140976.0,nan,nan,nan
1691140991.0,nan,nan,nan
1691141006.0,nan,nan,nan
1691141021.0,nan,nan,nan
1691141036.0,nan,nan,nan
1691141051.0,nan,nan,nan
1691141066.0,nan,nan,nan
1691141081.0,nan,nan,nan
1691141096.0,nan,nan,nan
1691141111.0,nan,nan,nan
1691141126.0,nan,nan,nan
1691141141.0,nan,nan,nan
1691141156.0,nan,nan,nan
1691141171.0,nan,nan,nan
1691141186.0,nan,nan,nan
1691141201.0,nan,nan,nan
1691141216.0,nan,nan,nan
1691141231.0,nan,nan,nan
1691141246.0,nan,nan,nan
1691141261.0,nan,nan,nan
1691141276.0,nan,nan,nan
1691141291.0,nan,nan,nan
1691141306.0,nan,nan,nan
1691141321.0,nan,nan,nan
1691141336.0,nan,nan,nan
1691141351.0,nan,nan,nan
1691141366.0,nan,nan,nan
1691141381.0,nan,nan,nan
1691141396.0,nan,nan,nan
1691141411.0,nan,nan,nan
1691141426.0,nan,nan,nan
1691141441.0,nan,nan,nan
1691141456.0,nan,nan,nan
1691141471.0,nan,nan,nan
1691141486.0,nan,nan,nan
1691141501.0,nan,nan,nan
1691141516.0,nan,nan,nan
1691141531.0,nan,nan,nan
1691141546.0,nan,nan,nan
1691141561.0,nan,nan,nan
1691141576.0,nan,nan,nan
1691141591.0,nan,nan,nan
1691141606.0,nan,nan,nan
1691141621.0,nan,nan,nan
1691141636.0,nan,nan,nan
1691141651.0,nan,nan,nan
1691141666.0,nan,nan,nan
1691141681.0,nan,nan,nan
1691141696.0,nan,nan,nan
1691141711.0,nan,nan,nan
1691141726.0,nan,nan,nan
1691141741.0,nan,nan,nan
1691141756.0,nan,nan,nan
1691141771.0,nan,nan,nan
1691141786.0,nan,nan,nan
1691141801.0,nan,nan,nan
1691141816.0,nan,nan,nan
1691141831.0,nan,nan,nan
1691141846.0,nan,nan,nan
1691141861.0,nan,nan,nan
1691141876.0,nan,nan,nan
1691141891.0,nan,nan,nan
1691141906.0,nan,nan,nan
1691141921.0,nan,nan,nan
1691141936.0,nan,nan,nan
1691141951.0,nan,nan,nan
1691141966.0,nan,nan,nan
1691141981.0,nan,nan,nan
1691141996.0,nan,nan,nan
1691142011.0,nan,nan,nan
1691142026.0,nan,nan,nan
1691142041.0,nan,nan,nan
1691142056.0,nan,nan,nan
1691142071.0,nan,nan,nan
1691142086.0,nan,nan,nan
1691142101.0,nan,nan,nan
1691142116.0,nan,nan,nan
1691142131.0,nan,nan,nan
1691142146.0,nan,nan,nan
1691142161.0,nan,nan,nan
1691142176.0,nan,nan,nan
1691142191.0,nan,nan,nan
1691142206.0,nan,nan,nan
1691142221.0,nan,nan,nan
1691142236.0,nan,nan,nan
1691142251.0,nan,nan,nan
1691142266.0,nan,nan,nan
1691142281.0,nan,nan,nan
1691142296.0,nan,nan,nan
1691142311.0,nan,nan,nan
1691142326.0,nan,nan,nan
1691142341.0,nan,nan,nan
1691142356.0,nan,nan,nan
1691142371.0,nan,nan,nan
1691142386.0,nan,nan,nan
1691142401.0,nan,nan,nan
1691142416.0,nan,nan,nan
1691142431.0,nan,nan,nan
1691142446.0,nan,nan,nan
1691142461.0,nan,nan,nan
1691142476.0,nan,nan,nan
1691142491.0,nan,nan,nan
1691142506.0,nan,nan,nan
1691142521.0,nan,nan,nan
1691142536.0,nan,nan,nan
1691142551.0,nan,nan,nan
1691142566.0,nan,nan,nan
1691142581.0,nan,nan,nan
1691142611.0,nan,nan,nan
1691142626.0,nan,nan,nan
1691142641.0,nan,nan,nan
1691142656.0,nan,nan,nan
1691142671.0,nan,nan,nan
1691142686.0,nan,nan,nan
1691142701.0,nan,nan,nan
1691142716.0,nan,nan,nan
1691142731.0,nan,nan,nan
1691142746.0,nan,nan,nan
1691142761.0,nan,nan,nan
1691142776.0,nan,nan,nan
1691142791.0,nan,nan,nan
1691142806.0,nan,nan,nan
1691142821.0,nan,nan,nan
1691142836.0,nan,nan,nan
1691142851.0,nan,nan,nan
1691142866.0,nan,nan,nan
1691142881.0,-675.5,232.8,117.5
1691142896.0,-166.6,-617.8,138.0
1691142911.0,11.1,-79.3,124.9
1691142926.0,7.0,-73.9,113.7
1691142941.0,73.2,-69.0,112.6
1691142956.0,16.4,-0.3,105.0
1691142971.0,39.1,-0.6,91.9
1691142986.0,29.3,7.7,86.5
1691143001.0,61.9,-5.5,94.0
1691143016.0,32.5,-28.2,98.6
1691143031.0,31.3,-20.3,99.7
1691143046.0,25.3,-21.9,100.7
1691143061.0,26.2,-26.9,93.6
1691143076.0,21.6,-12.4,86.3
1691143091.0,18.2,-12.6,94.8
1691143106.0,23.8,-6.9,97.8
1691143121.0,32.5,-18.4,93.6
1691143136.0,26.2,1.2,86.1
1691143151.0,26.6,5.3,79.4
1691143166.0,25.1,2.6,77.3
1691143181.0,40.1,-6.1,80.6
1691143196.0,31.6,-3.9,90.6
1691143211.0,22.9,-2.5,89.9
1691143226.0,22.4,-11.9,94.7
1691143241.0,30.9,2.9,71.8
1691143256.0,24.3,9.2,75.7
1691143271.0,28.3,-7.6,92.4
1691143286.0,29.0,-8.5,96.1
1691143301.0,22.3,-18.7,106.1
1691143316.0,22.2,-15.5,105.1
1691143331.0,25.0,0.6,72.7
1691143346.0,33.8,4.0,73.8
1691143361.0,34.3,-5.3,87.6
1691143376.0,20.9,-13.1,94.9
1691143391.0,19.3,-11.3,105.0
1691143406.0,21.6,-21.1,100.4
1691143421.0,21.3,-19.4,99.7
1691143436.0,17.4,-26.0,102.6
1691143451.0,21.9,-22.3,106.0
1691143466.0,27.9,-25.0,98.2
1691143481.0,30.6,-25.1,97.2
1691143496.0,21.1,-25.5,103.2
1691143511.0,23.8,-23.9,106.4
1691143526.0,29.5,-26.5,94.4
1691143541.0,33.0,-24.6,101.0
1691143556.0,30.4,-23.9,97.9
1691143571.0,28.3,-21.0,101.1
1691143586.0,25.3,-20.4,104.1
1691143601.0,25.4,-23.0,103.9
1691143616.0,22.5,-25.2,100.4
1691143631.0,32.0,-26.9,98.5
1691143646.0,18.6,-29.6,95.5
1691143661.0,44.8,-47.3,83.0
1691143676.0,26.4,-23.3,97.8
1691143691.0,28.5,-31.3,94.0
1691143706.0,26.5,-26.2,93.8
1691143721.0,28.5,-27.1,93.7
1691143736.0,30.6,-30.0,89.1
1691143751.0,29.5,-28.8,91.9
1691143766.0,30.8,-24.9,88.6
1691143781.0,33.7,-35.4,86.9
1691143796.0,44.6,-12.5,99.3
1691143811.0,33.9,-28.8,91.9
1691143826.0,34.1,-29.9,94.2
1691143841.0,36.7,-19.9,99.8
1691143856.0,31.7,-26.4,95.4
1691143871.0,25.8,-24.8,96.6
1691143886.0,35.2,-24.0,86.4
1691143901.0,34.1,-29.8,90.1
1691143916.0,33.8,-31.8,88.8
1691143931.0,25.8,-30.5,89.7
1691143946.0,31.3,-18.7,91.6
1691143961.0,29.9,-23.3,92.4
1691143976.0,38.7,-19.0,89.6
1691143991.0,29.4,-27.7,94.4
1691144006.0,30.3,-16.9,91.7
1691144021.0,33.5,-38.7,85.8
1691144036.0,34.4,-21.2,90.2
1691144051.0,42.0,-24.6,91.4
1691144066.0,49.9,-4.0,96.0
1691144081.0,29.0,-24.6,87.2
1691144096.0,19.4,-35.0,95.7
1691144111.0,25.9,-33.8,94.2
1691144126.0,36.4,-26.8,89.0
1691144141.0,39.5,-13.3,93.6
1691144156.0,35.3,-15.6,94.3
1691144171.0,33.7,-10.0,102.9
1691144186.0,30.6,-10.9,96.6
1691144201.0,32.8,-25.4,93.2
1691144216.0,30.7,-25.2,93.5
1691144231.0,32.8,-29.6,87.4
1691144246.0,31.0,-19.0,90.2
1691144261.0,33.9,-25.8,91.5
1691144276.0,29.3,-26.0,89.7
1691144291.0,25.4,-9.8,102.8
1691144306.0,29.9,-22.3,90.3
1691144321.0,39.6,-28.2,82.3
1691144336.0,38.4,-20.8,87.2
1691144351.0,33.1,-21.8,89.8
1691144366.0,40.5,-31.1,79.6
1691144381.0,38.0,-29.8,85.0
1691144396.0,35.4,-23.1,87.1
1691144411.0,33.2,-23.1,91.1
1691144426.0,28.0,-22.5,92.5
1691144441.0,27.4,-6.4,101.2
1691144456.0,35.8,-18.6,97.1
1691144471.0,22.6,-26.9,99.2
1691144486.0,33.2,-27.8,88.2
1691144501.0,27.5,-25.2,93.9
1691144516.0,25.7,-26.0,90.3
1691144531.0,25.3,-23.5,95.9
1691144546.0,30.4,-16.8,96.9
1691144561.0,25.6,-15.6,98.7
1691144576.0,27.5,-15.5,99.1
1691144591.0,30.4,-18.5,97.4
1691144606.0,32.7,-24.0,96.3
1691144621.0,31.6,-22.6,93.1
1691144636.0,31.6,-31.0,88.9
1691144651.0,29.2,-17.3,97.6
1691144666.0,37.6,-29.7,87.2
1691144681.0,30.1,-23.5,94.9
1691144696.0,33.0,-24.8,95.1
1691144711.0,41.2,-28.7,87.1
1691144726.0,35.1,-26.7,90.6
1691144741.0,25.9,-25.6,92.3
1691144756.0,27.7,-21.9,95.4
1691144771.0,30.8,-20.1,97.7
1691144786.0,30.0,-23.3,96.1
1691144801.0,29.1,-18.6,97.9
1691144816.0,31.1,-22.1,95.9
1691144831.0,27.3,-16.9,87.7
1691144846.0,31.0,-23.1,94.3
1691144861.0,30.9,-17.9,94.9
1691144876.0,27.5,-21.1,94.7
1691144891.0,37.6,-29.7,90.8
1691144906.0,31.2,-20.7,94.8
1691144921.0,32.7,-20.6,92.7
1691144936.0,36.5,-27.7,91.9
1691144951.0,29.9,-17.8,98.3
1691144966.0,29.4,-17.5,96.3
1691144981.0,30.9,-23.0,92.1
1691144996.0,33.6,-34.3,90.4
1691145011.0,28.9,-30.9,88.3
1691145026.0,29.1,-13.6,97.9
1691145041.0,30.4,-20.4,94.8
1691145056.0,49.4,-31.1,94.9
1691145071.0,40.5,-24.3,93.3
1691145086.0,55.9,-35.8,93.2
1691145101.0,44.9,-18.7,103.8
1691145116.0,31.7,-23.3,94.6
1691145131.0,24.5,-21.0,94.4
1691145146.0,24.0,-24.3,98.3
1691145161.0,27.7,-12.5,90.5
1691145176.0,33.2,-20.2,92.5
1691145191.0,38.1,-22.7,89.6
1691145206.0,42.7,-20.4,86.2
1691145221.0,34.9,-15.4,90.0
1691145236.0,31.9,-26.6,89.9
1691145251.0,52.4,-27.3,84.9
1691145266.0,30.5,-22.6,91.9
1691145281.0,42.5,-32.9,82.1
1691145296.0,46.5,-45.1,74.9
1691145311.0,55.1,-41.6,75.5
1691145326.0,52.5,-32.2,80.6
1691145341.0,39.5,-29.3,101.5
1691145356.0,28.5,-16.1,85.7
1691145371.0,43.1,-15.8,85.8
1691145386.0,44.4,-28.6,86.5
1691145401.0,50.4,-28.8,84.5
1691145416.0,39.8,-15.0,93.2
1691145431.0,47.3,-22.8,90.3
1691145446.0,45.5,-21.6,89.4
1691145461.0,45.0,-22.2,89.0
1691145476.0,44.6,-26.2,87.8
1691145491.0,52.4,-34.7,78.2
1691145506.0,39.3,-20.7,86.1
1691145521.0,43.2,-22.3,88.1
1691145536.0,68.8,-4.2,80.5
1691145551.0,47.3,-21.2,88.1
1691145566.0,47.8,-29.3,91.7
1691145581.0,52.1,-25.0,61.9
1691145596.0,26.1,-19.8,83.9
1691145611.0,41.9,-4.5,82.1
1691145626.0,30.7,-26.0,87.7
1691145641.0,28.0,-27.9,86.6
1691145656.0,28.7,-27.8,90.8
1691145671.0,29.1,-28.3,93.2
1691145686.0,16.9,-14.6,104.6
1691145701.0,26.3,-44.2,84.6
1691145716.0,58.0,-50.9,81.1
1691145731.0,32.9,-41.8,87.1
1691145746.0,15.3,-17.7,106.1
1691145761.0,18.4,-26.6,97.0
1691145776.0,31.4,-19.8,97.5
1691145791.0,44.4,-28.2,87.9
1691145806.0,46.6,-36.0,82.3
1691145821.0,39.8,-23.8,91.2
1691145836.0,26.3,-24.7,96.9
1691145851.0,30.5,-21.0,95.1
1691145866.0,31.9,-22.3,97.5
1691145881.0,24.3,-21.9,98.6
1691145896.0,22.8,-24.9,97.3
1691145911.0,26.5,-16.2,96.2
1691145926.0,34.2,-32.1,87.3
1691145941.0,30.7,-23.3,98.9
1691145956.0,32.6,-32.8,90.1
1691145971.0,34.8,-23.4,95.2
1691145986.0,28.9,-25.3,97.0
1691146001.0,39.9,-34.1,96.0
1691146016.0,35.2,-30.1,93.7
1691146031.0,36.1,-23.8,94.0
1691146046.0,27.9,-26.6,97.1
1691146061.0,27.7,-24.5,95.5
1691146076.0,25.1,-21.5,99.8
1691146091.0,26.6,-22.5,98.1
1691146106.0,26.8,-20.8,98.4
1691146121.0,30.4,-21.1,98.7
1691146136.0,29.3,-25.6,95.9
1691146151.0,26.3,-25.4,96.2
1691146166.0,38.9,-31.2,93.1
1691146181.0,33.4,-28.5,93.5
1691146196.0,33.8,-26.4,93.1
1691146211.0,45.6,-47.5,78.5
1691146226.0,48.6,-36.6,86.8
1691146256.0,36.5,-22.9,93.1
1691146271.0,31.2,-22.6,98.0
1691146286.0,30.7,-24.8,96.9
1691146301.0,30.4,-14.2,102.4
1691146316.0,20.1,-25.1,96.9
1691146331.0,20.2,-23.5,97.9
1691146346.0,33.3,-16.9,96.7
1691146361.0,29.4,-27.8,93.6
1691146376.0,25.1,-15.9,94.4
1691146391.0,40.6,-4.4,83.8
1691146406.0,41.4,-30.7,88.3
1691146421.0,31.0,-21.2,97.1
1691146436.0,19.0,-9.8,85.1
1691146451.0,24.0,-16.9,89.6
1691146466.0,20.6,-11.0,96.6
1691146481.0,27.8,-32.0,85.4
1691146496.0,30.5,-27.1,93.8
1691146511.0,28.5,-18.7,89.2
1691146526.0,31.7,-33.4,84.8
1691146541.0,25.6,-32.4,85.8
1691146556.0,34.5,-17.1,91.1
1691146571.0,27.2,-20.2,93.7
1691146586.0,23.9,-26.4,91.3
1691146601.0,23.2,-27.5,93.5
1691146616.0,23.2,-26.1,93.7
1691146631.0,22.3,-23.7,94.9
1691146646.0,22.4,-21.9,97.9
1691146661.0,36.5,-36.3,88.7
1691146676.0,29.6,-31.7,94.4
1691146691.0,32.6,-35.7,91.2
1691146706.0,22.3,-25.2,97.2
1691146721.0,25.5,-26.4,92.4
1691146736.0,25.1,-24.1,92.6
1691146751.0,24.8,-22.4,92.8
1691146766.0,31.9,-30.0,90.4
1691146781.0,26.1,-24.4,95.5
1691146796.0,28.0,-22.3,96.4
1691146811.0,19.1,-25.3,97.0
1691146826.0,26.6,-20.3,96.9
1691146841.0,49.7,-23.7,81.9
1691146856.0,40.8,-14.8,91.4
1691146871.0,59.8,5.8,76.1
1691146886.0,59.2,4.9,76.4
1691146901.0,45.8,6.4,74.6
1691146916.0,47.4,13.8,68.3
1691146931.0,48.4,21.7,58.1
1691146946.0,51.8,9.4,75.7
1691146961.0,57.5,4.1,76.1
1691146976.0,34.9,-14.4,85.7
1691146991.0,130.0,-107.4,85.8
1691147006.0,7.7,-84.2,74.9
1691147021.0,4.9,-88.5,76.4
1691147036.0,3.8,-89.9,76.8
1691147051.0,11.4,-90.1,81.2
1691147066.0,5.1,-91.6,80.5
1691147081.0,5.2,-89.8,79.1
1691147096.0,2.4,-89.6,75.3
1691147111.0,2.6,-87.2,74.8
1691147126.0,4.1,-87.3,74.0
1691147141.0,4.3,-88.6,73.7
1691147156.0,34.2,-17.9,98.3
1691147171.0,56.1,-19.3,98.9
1691147186.0,16.7,-28.7,89.6
1691147201.0,20.5,-14.4,69.2
1691147216.0,11.6,-5.2,77.8
1691147231.0,29.2,-2.8,89.7
1691147246.0,34.3,-12.2,83.3
1691147261.0,19.3,-20.4,98.4
1691147276.0,35.7,3.0,77.6
1691147291.0,29.2,-9.2,90.7
1691147306.0,29.8,-20.5,98.7
1691147321.0,35.2,-9.5,91.8
1691147336.0,24.1,-20.6,104.9
1691147351.0,29.2,-7.8,95.4
1691147366.0,33.7,-12.2,95.4
1691147381.0,32.0,-16.6,92.5
1691147396.0,30.6,-27.9,98.5
1691147411.0,27.1,-17.6,103.2
1691147426.0,22.7,-21.5,100.2
1691147441.0,18.7,-19.3,99.4
1691147456.0,16.7,-6.5,99.9
1691147471.0,32.6,-22.5,100.3
1691147486.0,35.3,-20.7,100.2
1691147501.0,36.0,-17.2,103.2
1691147516.0,36.3,-16.0,104.3
1691147531.0,35.0,-18.6,106.1
1691147546.0,37.0,-13.7,100.2
1691147561.0,41.6,-1.8,92.7
1691147576.0,37.2,-13.2,101.5
1691147591.0,38.8,-22.2,102.0
1691147606.0,39.1,-21.1,98.5
1691147621.0,3.7,-60.3,97.4
1691147636.0,5.3,-88.5,82.2
1691147651.0,5.6,-85.7,73.1
1691147666.0,23.6,-94.2,68.8
1691147681.0,18.6,-92.0,78.1
1691147696.0,6.6,-88.9,74.2
1691147711.0,12.9,-91.7,64.9
1691147726.0,1.1,-91.4,69.5
1691147741.0,-3.5,-95.2,66.7
1691147756.0,-3.3,-92.8,67.7
1691147771.0,0.5,-92.2,70.4
1691147786.0,-6.3,-102.6,63.6
1691147801.0,-6.5,-95.5,65.3
1691147816.0,-4.9,-96.1,67.3
1691147831.0,-3.8,-95.9,68.1
1691147846.0,-5.4,-97.6,65.8
1691147861.0,-67.7,-112.0,82.0
1691147876.0,-9.9,-97.1,64.7
1691147891.0,60.9,-1.5,87.4
1691147906.0,5.4,-8.6,105.0
1691147921.0,57.6,-11.8,95.9
1691147936.0,31.9,-8.9,91.6
1691147951.0,24.3,-2.2,83.5
1691147966.0,46.5,0.3,89.0
1691147981.0,53.8,-1.9,72.6
1691147996.0,28.6,-4.2,92.4
1691148011.0,19.6,-12.4,99.6
1691148026.0,38.3,-13.3,96.5
1691148041.0,42.4,-17.4,98.3
1691148056.0,39.8,-16.3,105.5
1691148071.0,40.0,-24.4,100.3
1691148086.0,33.2,-15.6,102.0
1691148101.0,40.5,-23.8,102.1
1691148116.0,32.6,-19.3,105.4
1691148131.0,35.8,-27.5,114.5
1691148146.0,31.3,-19.7,113.5
1691148161.0,43.6,-12.0,97.2
1691148176.0,37.7,-23.3,113.2
1691148191.0,30.2,-24.0,115.7
1691148206.0,31.8,-16.3,116.0
1691148221.0,30.7,-14.6,110.7
1691148236.0,37.8,-24.7,101.8
1691148251.0,32.9,-34.4,94.3
1691148266.0,128.9,-54.6,133.3
1691148281.0,34.1,-17.2,96.4
1691148296.0,38.6,-16.5,97.6
1691148311.0,15.4,-0.4,93.5
1691148326.0,38.5,-2.7,84.9
1691148341.0,74.5,-15.1,106.2
1691148356.0,8.0,-92.8,144.1
1691148371.0,-6.7,-113.4,150.3
1691148386.0,-47.9,-276.0,137.5
1691148401.0,-142.3,-571.4,131.5
1691148416.0,-141.5,-689.5,136.9
1691148431.0,-145.5,-683.0,142.6
1691148446.0,-133.4,-712.0,128.7
1691148461.0,-143.7,-689.6,146.3
1691148476.0,-140.9,-718.2,116.0
1691148491.0,-146.7,-684.2,145.8
1691148506.0,-124.5,-710.0,104.7
1691148521.0,-149.2,-688.6,141.2
1691148536.0,-179.1,-706.5,109.5
1691148551.0,-151.5,-682.8,138.8
1691148566.0,-131.8,-713.3,122.9
1691148581.0,-152.0,-693.3,150.3
1691148596.0,-153.4,-724.0,99.9
1691148611.0,-153.1,-688.0,144.3
1691148626.0,-169.4,-716.8,104.1
1691148641.0,-156.6,-686.2,144.0
1691148656.0,-166.4,-713.3,102.3
1691148671.0,-144.2,-695.2,144.7
1691148686.0,-131.9,-679.5,101.0
1691148701.0,-153.4,-694.2,146.3
1691148716.0,-167.5,-696.7,140.7
1691148731.0,-158.2,-711.5,93.8
1691148746.0,-155.9,-721.5,104.4
1691148761.0,-144.4,-693.6,144.7
1691148776.0,-153.1,-721.5,124.0
1691148791.0,-144.5,-702.0,143.7
1691148806.0,-183.8,-710.7,106.6
1691148821.0,-118.3,-599.7,157.5
1691148836.0,-89.1,-697.4,107.7
1691148851.0,-86.7,-691.8,142.8
1691148866.0,-76.8,-678.5,90.7
1691148881.0,-88.1,-734.5,107.9
1691148896.0,-83.5,-688.4,151.2
1691148911.0,-101.0,-727.7,111.1
1691148926.0,-80.7,-693.5,147.3
1691148941.0,-81.6,-673.9,65.4
1691148956.0,-90.7,-702.3,121.4
1691148971.0,-89.9,-728.8,117.4
1691148986.0,-90.2,-708.6,138.2
1691149001.0,-105.4,-739.0,107.3
1691149016.0,-82.8,-695.7,149.4
1691149031.0,-91.2,-727.6,111.3
1691149046.0,-92.3,-717.4,110.5
1691149061.0,-79.8,-696.2,145.0
1691149076.0,-91.7,-725.0,96.0
1691149091.0,-85.4,-703.9,117.7
1691149106.0,-80.4,-697.7,154.8
1691149121.0,-87.2,-718.6,122.1
1691149136.0,-84.2,-687.7,148.6
1691149151.0,-101.7,-738.3,114.7
1691149166.0,-87.4,-701.0,142.0
1691149181.0,-92.2,-704.9,125.7
1691149196.0,-85.0,-691.2,145.0
1691149211.0,-96.6,-740.4,111.9
1691149226.0,-90.9,-691.2,152.5
1691149241.0,5.1,-743.4,133.4
1691149256.0,-78.7,-691.0,144.7
1691149271.0,-29.6,-711.9,105.8
1691149286.0,-80.3,-696.6,143.8
1691149301.0,-49.1,-699.5,89.5
1691149316.0,-63.6,-685.7,147.4
1691149331.0,-84.5,-707.5,75.2
1691149346.0,-30.1,-726.5,112.3
1691149361.0,-37.2,-580.6,154.7
1691149376.0,102.2,-613.0,142.1
1691149391.0,94.2,-703.2,112.0
1691149406.0,113.2,-692.7,155.8
1691149421.0,99.7,-736.2,99.8
1691149436.0,101.6,-681.9,146.0
1691149451.0,112.6,-724.1,92.0
1691149466.0,99.8,-706.3,144.7
1691149481.0,116.5,-695.3,154.4
1691149496.0,118.0,-697.1,102.4
1691149511.0,131.9,-686.9,149.9
1691149526.0,118.6,-706.0,120.5
1691149541.0,108.9,-706.8,146.7
1691149556.0,116.7,-705.1,130.9
1691149571.0,109.8,-722.2,95.2
1691149586.0,118.6,-721.1,156.9
1691149601.0,86.1,-736.7,96.2
1691149616.0,112.5,-703.6,153.5
1691149631.0,66.2,-726.8,111.7
1691149646.0,118.8,-754.5,110.2
1691149661.0,133.8,-689.8,144.4
1691149676.0,113.9,-726.0,111.3
1691149691.0,116.2,-710.5,107.1
1691149706.0,126.6,-710.8,158.6
1691149721.0,142.4,-696.2,93.1
1691149736.0,101.3,-730.5,105.2
1691149751.0,151.4,-559.9,130.2
1691149766.0,152.0,-541.5,92.9
1691149781.0,184.5,-553.8,73.1
1691149796.0,275.0,-605.1,136.2
1691149811.0,280.5,-710.7,114.8
1691149826.0,286.4,-709.8,118.0
1691149841.0,284.6,-696.8,153.1
1691149856.0,301.4,-692.5,145.0
1691149871.0,308.8,-703.4,113.4
1691149886.0,278.3,-715.2,152.6
1691149901.0,288.1,-703.0,145.5
1691149916.0,287.5,-725.5,123.6
1691149931.0,298.2,-702.7,149.9
1691149946.0,311.2,-731.0,102.3
1691149961.0,270.5,-711.2,159.1
1691149976.0,281.4,-691.4,134.2
1691149991.0,394.8,-719.0,113.4
1691150006.0,410.4,-712.7,116.1
1691150021.0,427.3,-685.3,145.1
1691150036.0,434.4,-718.0,107.7
1691150051.0,424.5,-723.7,97.3
1691150066.0,419.1,-697.5,148.2
1691150081.0,434.1,-686.8,131.3
1691150096.0,425.4,-720.9,111.8
1691150111.0,425.7,-693.8,126.9
1691150126.0,433.5,-691.5,117.8
1691150141.0,384.7,-722.5,100.8
1691150156.0,420.5,-701.0,150.3
1691150171.0,442.4,-676.2,127.6
1691150186.0,396.4,-607.7,165.9
1691150201.0,541.4,-369.1,118.0
1691150216.0,959.1,-52.5,119.4
1691150231.0,979.2,-34.3,141.5
1691150246.0,953.6,-45.6,113.8
1691150261.0,983.0,-41.3,141.3
1691150276.0,964.7,-81.9,128.6
1691150291.0,933.2,-43.6,159.4
1691150306.0,943.8,-103.3,151.8
1691150321.0,906.2,-44.7,158.6
1691150336.0,892.3,-137.7,165.4
1691150351.0,881.9,-143.5,152.8
1691150366.0,886.3,-121.5,161.4
1691150381.0,878.3,-137.6,142.2
1691150396.0,747.4,-261.8,125.3
